Name,Address,Price
Xiaomi Redmi Note 12 Pro 5G NFC Ram 8/256 Gb Garansi Resmi,Jakarta Barat,Rp4.399.000
Xiaomi Redmi A2 Ram 3/32 Gb Garansi Resmi,Jakarta Barat,Rp1.059.000
Xiaomi Redmi 10 2022 Ram 4/64 Gb Garansi Resmi,Jakarta Barat,Rp1.749.000
Xiaomi Redmi Note 11 NFC Ram 6-128 Gb Garansi Resmi,Jakarta Barat,Rp2.589.000
Xiaomi Redmi 10 2022 Ram 6-128 Gb Garansi Resmi,Jakarta Barat,Rp2.029.000
Xiaomi redmi 9A -m,Jakarta Selatan,Rp4.000.000
Xiaomi Redmi A2 Ram 3/32 Gb Garansi Resmi,Jakarta Barat,Rp1.059.000
Xiaomi Redmi 12C 4/64Garansi Resmi Tam,Jakarta Selatan,Rp1.509.000
Xiaomi Redmi 4X Ram 2GB Internal 16GB - Second Fullset - Garansi 1 Bulan,Jakarta Pusat,Rp450.000
Xiaomi Redmi Note 11 NFC Ram 6-128 Gb Garansi Resmi,Jakarta Barat,Rp2.589.000
Xiaomi Redmi Note 11 Pro 5G NFC Ram 8-128 Gb Garansi Resmi,Jakarta Barat,Rp3.949.000
Xiaomi Redmi 10 2022 Ram 4/64 Gb Garansi Resmi,Jakarta Barat,Rp1.749.000
Xiaomi Redmi A2 3/32 - Garansi RESMI,Depok,Rp1.070.000
Xiaomi Redmi 10 2022 Ram 6-128 Gb Garansi Resmi,Jakarta Barat,Rp2.029.000
Xiaomi Redmi Note 12 8/128 Garansi Resmi Tam,Jakarta Selatan,Rp2.849.000
xiaomi redmi note 5 6/64gb -3/32gb new smartphone 4g lte garansi distributor,Jakarta Barat,Rp1.099.000
Xiaomi Redmi Note 12 Pro 4G NFC Ram 6/128 Gb Garansi Resmi,Jakarta Barat,Rp3.375.000
Xiaomi Redmi 12C Ram 4/64 Gb Garansi Resmi,Jakarta Barat,Rp1.359.000
Xiaomi Redmi 12C Ram 4/128 Gb Garansi Resmi,Jakarta Barat,Rp1.459.000
Xiaomi Redmi 10 5G Ram 6/128 Gb Garansi Resmi,Jakarta Barat,Rp2.469.000
REDMI 10 2022 NEW RAM 4/64 GARANSI RESMI TERMURAH,Surabaya,Rp1.718.300
Xiaomi Redmi 10C Ram 4/128GB & 4/64GB Garansi Resmi Xiaomi Termurah,Surabaya,Rp1.912.100
Xiaomi Redmi Note 12 4G NFC Ram 8/128 Gb Garansi Resmi,Jakarta Barat,Rp2.899.000
LCD TOUCHSCREEN XIAOMI REDMI 4X ORIGINAL,Jakarta Pusat,Rp95.000
Xiaomi Redmi Note 12 SnapDragon 685 AMOLED 120Hz Ram 4Gb 128Gb NFC Bdg Antapani DSK,Bandung,Rp2.525.000
XIAOMI REDMI A1 RAM 3GB/32GB GARANSI RESMI TAM - REDMI A1,Jakarta Timur,Rp1.199.000
Xiaomi Redmi Note 11 4 128,Kab. Bekasi,Rp2.190.000
LCD TOUCHSCREEN XIAOMI REDMI 9A 9C ORIGINAL,Jakarta Pusat,Rp110.000
Xiaomi Redmi Note 12 4G NFC Ram 4/128 Gb Garansi Resmi,Jakarta Barat,Rp2.499.000
"Xiaomi Redmi Note 11 [4GB+128GB - 6GB+128GB] Snapdragon 680 4G - 50MP Quad Camera - NFC - 6.43"" Super AMOLED - 5000mAh Garansi Resmi Xiaomi 15 Bulan",Kab. Bekasi,Rp2.273.000
Xiaomi Redmi 10 5G Ram 4/128 Gb Garansi Resmi,Jakarta Barat,Rp2.279.000
Xiaomi Redmi A2 Ram 3/64 Gb Garansi Resmi,Jakarta Barat,Rp1.159.000
Xiaomi Redmi Note 12 Pro 4G NFC Ram 8/256 Gb Garansi Resmi,Jakarta Barat,Rp3.825.000
Xiaomi Redmi Note 11 NFC Ram 4-128 Gb Garansi Resmi,Jakarta Barat,Rp2.299.000
Xiaomi Redmi 10c Ram 4/128 Gb Garansi Resmi,Jakarta Barat,Rp1.899.000
XIAOMI REDMI NOTE 11 RAM 4 GB MEMORY 128 GB GARANSI RESMI TERMURAH,Sleman,Rp2.349.000
XIAOMI REDMI 10C RAM 4 GB MEMORY 64 GB GARANSI RESMI TERMURAH,Sleman,Rp1.849.000
LCD TOUCHSCREEN XIAOMI REDMI 4A MI4A  ORIGINAL,Jakarta Pusat,Rp95.000
Xiaomi Redmi Note 11 Pro 5G Ram 8-128 GB Resmi,Jakarta Barat,Rp4.049.000
Xiaomi Redmi Note 12 Pro 5G NFC Ram 8/256 Gb Garansi Resmi,Jakarta Barat,Rp4.399.000
Xiaomi Redmi 10 2022 6GB/128GB - Garansi Resmi,Jakarta Timur,Rp2.350.000
LCD TOUCHSCREEN XIAOMI REDMI NOTE 5 REDMI NOTE 5 PRO ORIGINAL,Jakarta Pusat,Rp125.000
NEW Xiaomi Redmi Note 11 SnapDragon 680 AMOLED 90Hz Ram 6Gb 128Gb NFC Bdg Antapani DSK,Bandung,Rp2.599.000
Xiaomi Redmi Note 12 4G NFC Ram 6/128 Gb Garansi Resmi,Jakarta Barat,Rp2.699.000
Xiaomi Redmi 10 6/128 Garansi Resmi Tam,Jakarta Selatan,Rp2.160.000
Xiaomi Redmi 12C Ram 3/32 Gb Garansi Resmi,Jakarta Barat,Rp1.259.000
Xiaomi Redmi 10A Ram 3/32 Gb Garansi Resmi,Jakarta Barat,Rp1.329.000
Xiaomi Redmi 10A Ram 3/64 Gb Garansi Resmi,Jakarta Barat,Rp1.429.000
mesin redmi 4a origilll,Kab. Cirebon,Rp85.000
Xiaomi Redmi A1 Ram 2/32 Gb Extended Ram 2GB+2GB Garansi Resmi,Jakarta Barat,Rp1.049.000
Xiaomi Redmi Note 12 Pro 5G NFC Ram 8/256 Gb Garansi Resmi,Jakarta Barat,Rp4.399.000
Xiaomi Redmi A2 Ram 3/32 Gb Garansi Resmi,Jakarta Barat,Rp1.059.000
Xiaomi Redmi 10 2022 Ram 4/64 Gb Garansi Resmi,Jakarta Barat,Rp1.749.000
Xiaomi Redmi Note 11 NFC Ram 6-128 Gb Garansi Resmi,Jakarta Barat,Rp2.589.000
Xiaomi Redmi 10 2022 Ram 6-128 Gb Garansi Resmi,Jakarta Barat,Rp2.029.000
Xiaomi redmi 9A -m,Jakarta Selatan,Rp4.000.000
Xiaomi Redmi A2 Ram 3/32 Gb Garansi Resmi,Jakarta Barat,Rp1.059.000
Xiaomi Redmi 12C 4/64Garansi Resmi Tam,Jakarta Selatan,Rp1.509.000
Xiaomi Redmi 4X Ram 2GB Internal 16GB - Second Fullset - Garansi 1 Bulan,Jakarta Pusat,Rp450.000
Xiaomi Redmi Note 11 NFC Ram 6-128 Gb Garansi Resmi,Jakarta Barat,Rp2.589.000
Xiaomi Redmi Note 11 Pro 5G NFC Ram 8-128 Gb Garansi Resmi,Jakarta Barat,Rp3.949.000
Xiaomi Redmi 10 2022 Ram 4/64 Gb Garansi Resmi,Jakarta Barat,Rp1.749.000
Xiaomi Redmi A2 3/32 - Garansi RESMI,Depok,Rp1.070.000
Xiaomi Redmi 10 2022 Ram 6-128 Gb Garansi Resmi,Jakarta Barat,Rp2.029.000
Xiaomi Redmi Note 12 8/128 Garansi Resmi Tam,Jakarta Selatan,Rp2.849.000
xiaomi redmi note 5 6/64gb -3/32gb new smartphone 4g lte garansi distributor,Jakarta Barat,Rp1.099.000
Xiaomi Redmi Note 12 Pro 4G NFC Ram 6/128 Gb Garansi Resmi,Jakarta Barat,Rp3.375.000
Xiaomi Redmi 12C Ram 4/64 Gb Garansi Resmi,Jakarta Barat,Rp1.359.000
Xiaomi Redmi 12C Ram 4/128 Gb Garansi Resmi,Jakarta Barat,Rp1.459.000
Xiaomi Redmi 10 5G Ram 6/128 Gb Garansi Resmi,Jakarta Barat,Rp2.469.000
REDMI 10 2022 NEW RAM 4/64 GARANSI RESMI TERMURAH,Surabaya,Rp1.718.300
Xiaomi Redmi 10C Ram 4/128GB & 4/64GB Garansi Resmi Xiaomi Termurah,Surabaya,Rp1.912.100
Xiaomi Redmi Note 12 4G NFC Ram 8/128 Gb Garansi Resmi,Jakarta Barat,Rp2.899.000
LCD TOUCHSCREEN XIAOMI REDMI 4X ORIGINAL,Jakarta Pusat,Rp95.000
Xiaomi Redmi Note 12 SnapDragon 685 AMOLED 120Hz Ram 4Gb 128Gb NFC Bdg Antapani DSK,Bandung,Rp2.525.000
XIAOMI REDMI A1 RAM 3GB/32GB GARANSI RESMI TAM - REDMI A1,Jakarta Timur,Rp1.199.000
Xiaomi Redmi Note 11 4 128,Kab. Bekasi,Rp2.190.000
LCD TOUCHSCREEN XIAOMI REDMI 9A 9C ORIGINAL,Jakarta Pusat,Rp110.000
Xiaomi Redmi Note 12 4G NFC Ram 4/128 Gb Garansi Resmi,Jakarta Barat,Rp2.499.000
"Xiaomi Redmi Note 11 [4GB+128GB - 6GB+128GB] Snapdragon 680 4G - 50MP Quad Camera - NFC - 6.43"" Super AMOLED - 5000mAh Garansi Resmi Xiaomi 15 Bulan",Kab. Bekasi,Rp2.273.000
Xiaomi Redmi 10 5G Ram 4/128 Gb Garansi Resmi,Jakarta Barat,Rp2.279.000
Xiaomi Redmi A2 Ram 3/64 Gb Garansi Resmi,Jakarta Barat,Rp1.159.000
Xiaomi Redmi Note 12 Pro 4G NFC Ram 8/256 Gb Garansi Resmi,Jakarta Barat,Rp3.825.000
Xiaomi Redmi Note 11 NFC Ram 4-128 Gb Garansi Resmi,Jakarta Barat,Rp2.299.000
Xiaomi Redmi 10c Ram 4/128 Gb Garansi Resmi,Jakarta Barat,Rp1.899.000
XIAOMI REDMI NOTE 11 RAM 4 GB MEMORY 128 GB GARANSI RESMI TERMURAH,Sleman,Rp2.349.000
XIAOMI REDMI 10C RAM 4 GB MEMORY 64 GB GARANSI RESMI TERMURAH,Sleman,Rp1.849.000
LCD TOUCHSCREEN XIAOMI REDMI 4A MI4A  ORIGINAL,Jakarta Pusat,Rp95.000
Xiaomi Redmi Note 11 Pro 5G Ram 8-128 GB Resmi,Jakarta Barat,Rp4.049.000
Xiaomi Redmi Note 12 Pro 5G NFC Ram 8/256 Gb Garansi Resmi,Jakarta Barat,Rp4.399.000
Xiaomi Redmi 10 2022 6GB/128GB - Garansi Resmi,Jakarta Timur,Rp2.350.000
LCD TOUCHSCREEN XIAOMI REDMI NOTE 5 REDMI NOTE 5 PRO ORIGINAL,Jakarta Pusat,Rp125.000
NEW Xiaomi Redmi Note 11 SnapDragon 680 AMOLED 90Hz Ram 6Gb 128Gb NFC Bdg Antapani DSK,Bandung,Rp2.599.000
Xiaomi Redmi Note 12 4G NFC Ram 6/128 Gb Garansi Resmi,Jakarta Barat,Rp2.699.000
Xiaomi Redmi 10 6/128 Garansi Resmi Tam,Jakarta Selatan,Rp2.160.000
Xiaomi Redmi 12C Ram 3/32 Gb Garansi Resmi,Jakarta Barat,Rp1.259.000
Xiaomi Redmi 10A Ram 3/32 Gb Garansi Resmi,Jakarta Barat,Rp1.329.000
Xiaomi Redmi 10A Ram 3/64 Gb Garansi Resmi,Jakarta Barat,Rp1.429.000
mesin redmi 4a origilll,Kab. Cirebon,Rp85.000
Xiaomi Redmi A1 Ram 2/32 Gb Extended Ram 2GB+2GB Garansi Resmi,Jakarta Barat,Rp1.049.000
Xiaomi Redmi Note 12 Pro 5G NFC Ram 8/256 Gb Garansi Resmi,Jakarta Barat,Rp4.399.000
Xiaomi Redmi A2 Ram 3/32 Gb Garansi Resmi,Jakarta Barat,Rp1.059.000
Xiaomi Redmi 10 2022 Ram 4/64 Gb Garansi Resmi,Jakarta Barat,Rp1.749.000
Xiaomi Redmi Note 11 NFC Ram 6-128 Gb Garansi Resmi,Jakarta Barat,Rp2.589.000
Xiaomi Redmi 10 2022 Ram 6-128 Gb Garansi Resmi,Jakarta Barat,Rp2.029.000
Xiaomi redmi 9A -m,Jakarta Selatan,Rp4.000.000
Xiaomi Redmi A2 Ram 3/32 Gb Garansi Resmi,Jakarta Barat,Rp1.059.000
Xiaomi Redmi 12C 4/64Garansi Resmi Tam,Jakarta Selatan,Rp1.509.000
Xiaomi Redmi 4X Ram 2GB Internal 16GB - Second Fullset - Garansi 1 Bulan,Jakarta Pusat,Rp450.000
Xiaomi Redmi Note 11 NFC Ram 6-128 Gb Garansi Resmi,Jakarta Barat,Rp2.589.000
Xiaomi Redmi Note 11 Pro 5G NFC Ram 8-128 Gb Garansi Resmi,Jakarta Barat,Rp3.949.000
Xiaomi Redmi 10 2022 Ram 4/64 Gb Garansi Resmi,Jakarta Barat,Rp1.749.000
Xiaomi Redmi A2 3/32 - Garansi RESMI,Depok,Rp1.070.000
Xiaomi Redmi 10 2022 Ram 6-128 Gb Garansi Resmi,Jakarta Barat,Rp2.029.000
Xiaomi Redmi Note 12 8/128 Garansi Resmi Tam,Jakarta Selatan,Rp2.849.000
xiaomi redmi note 5 6/64gb -3/32gb new smartphone 4g lte garansi distributor,Jakarta Barat,Rp1.099.000
Xiaomi Redmi Note 12 Pro 4G NFC Ram 6/128 Gb Garansi Resmi,Jakarta Barat,Rp3.375.000
Xiaomi Redmi 12C Ram 4/64 Gb Garansi Resmi,Jakarta Barat,Rp1.359.000
Xiaomi Redmi 12C Ram 4/128 Gb Garansi Resmi,Jakarta Barat,Rp1.459.000
Xiaomi Redmi 10 5G Ram 6/128 Gb Garansi Resmi,Jakarta Barat,Rp2.469.000
REDMI 10 2022 NEW RAM 4/64 GARANSI RESMI TERMURAH,Surabaya,Rp1.718.300
Xiaomi Redmi 10C Ram 4/128GB & 4/64GB Garansi Resmi Xiaomi Termurah,Surabaya,Rp1.912.100
Xiaomi Redmi Note 12 4G NFC Ram 8/128 Gb Garansi Resmi,Jakarta Barat,Rp2.899.000
LCD TOUCHSCREEN XIAOMI REDMI 4X ORIGINAL,Jakarta Pusat,Rp95.000
Xiaomi Redmi Note 12 SnapDragon 685 AMOLED 120Hz Ram 4Gb 128Gb NFC Bdg Antapani DSK,Bandung,Rp2.525.000
XIAOMI REDMI A1 RAM 3GB/32GB GARANSI RESMI TAM - REDMI A1,Jakarta Timur,Rp1.199.000
Xiaomi Redmi Note 11 4 128,Kab. Bekasi,Rp2.190.000
LCD TOUCHSCREEN XIAOMI REDMI 9A 9C ORIGINAL,Jakarta Pusat,Rp110.000
Xiaomi Redmi Note 12 4G NFC Ram 4/128 Gb Garansi Resmi,Jakarta Barat,Rp2.499.000
"Xiaomi Redmi Note 11 [4GB+128GB - 6GB+128GB] Snapdragon 680 4G - 50MP Quad Camera - NFC - 6.43"" Super AMOLED - 5000mAh Garansi Resmi Xiaomi 15 Bulan",Kab. Bekasi,Rp2.273.000
Xiaomi Redmi 10 5G Ram 4/128 Gb Garansi Resmi,Jakarta Barat,Rp2.279.000
Xiaomi Redmi A2 Ram 3/64 Gb Garansi Resmi,Jakarta Barat,Rp1.159.000
Xiaomi Redmi Note 12 Pro 4G NFC Ram 8/256 Gb Garansi Resmi,Jakarta Barat,Rp3.825.000
Xiaomi Redmi Note 11 NFC Ram 4-128 Gb Garansi Resmi,Jakarta Barat,Rp2.299.000
Xiaomi Redmi 10c Ram 4/128 Gb Garansi Resmi,Jakarta Barat,Rp1.899.000
XIAOMI REDMI NOTE 11 RAM 4 GB MEMORY 128 GB GARANSI RESMI TERMURAH,Sleman,Rp2.349.000
XIAOMI REDMI 10C RAM 4 GB MEMORY 64 GB GARANSI RESMI TERMURAH,Sleman,Rp1.849.000
LCD TOUCHSCREEN XIAOMI REDMI 4A MI4A  ORIGINAL,Jakarta Pusat,Rp95.000
Xiaomi Redmi Note 11 Pro 5G Ram 8-128 GB Resmi,Jakarta Barat,Rp4.049.000
Xiaomi Redmi Note 12 Pro 5G NFC Ram 8/256 Gb Garansi Resmi,Jakarta Barat,Rp4.399.000
Xiaomi Redmi 10 2022 6GB/128GB - Garansi Resmi,Jakarta Timur,Rp2.350.000
LCD TOUCHSCREEN XIAOMI REDMI NOTE 5 REDMI NOTE 5 PRO ORIGINAL,Jakarta Pusat,Rp125.000
NEW Xiaomi Redmi Note 11 SnapDragon 680 AMOLED 90Hz Ram 6Gb 128Gb NFC Bdg Antapani DSK,Bandung,Rp2.599.000
Xiaomi Redmi Note 12 4G NFC Ram 6/128 Gb Garansi Resmi,Jakarta Barat,Rp2.699.000
Xiaomi Redmi 10 6/128 Garansi Resmi Tam,Jakarta Selatan,Rp2.160.000
Xiaomi Redmi 12C Ram 3/32 Gb Garansi Resmi,Jakarta Barat,Rp1.259.000
Xiaomi Redmi 10A Ram 3/32 Gb Garansi Resmi,Jakarta Barat,Rp1.329.000
Xiaomi Redmi 10A Ram 3/64 Gb Garansi Resmi,Jakarta Barat,Rp1.429.000
mesin redmi 4a origilll,Kab. Cirebon,Rp85.000
Xiaomi Redmi A1 Ram 2/32 Gb Extended Ram 2GB+2GB Garansi Resmi,Jakarta Barat,Rp1.049.000
Xiaomi Redmi Note 12 Pro 5G NFC Ram 8/256 Gb Garansi Resmi,Jakarta Barat,Rp4.399.000
Xiaomi Redmi A2 Ram 3/32 Gb Garansi Resmi,Jakarta Barat,Rp1.059.000
Xiaomi Redmi 10 2022 Ram 4/64 Gb Garansi Resmi,Jakarta Barat,Rp1.749.000
Xiaomi Redmi Note 11 NFC Ram 6-128 Gb Garansi Resmi,Jakarta Barat,Rp2.589.000
Xiaomi Redmi 10 2022 Ram 6-128 Gb Garansi Resmi,Jakarta Barat,Rp2.029.000
Xiaomi redmi 9A -m,Jakarta Selatan,Rp4.000.000
Xiaomi Redmi A2 Ram 3/32 Gb Garansi Resmi,Jakarta Barat,Rp1.059.000
Xiaomi Redmi 12C 4/64Garansi Resmi Tam,Jakarta Selatan,Rp1.509.000
Xiaomi Redmi 4X Ram 2GB Internal 16GB - Second Fullset - Garansi 1 Bulan,Jakarta Pusat,Rp450.000
Xiaomi Redmi Note 11 NFC Ram 6-128 Gb Garansi Resmi,Jakarta Barat,Rp2.589.000
Xiaomi Redmi Note 11 Pro 5G NFC Ram 8-128 Gb Garansi Resmi,Jakarta Barat,Rp3.949.000
Xiaomi Redmi 10 2022 Ram 4/64 Gb Garansi Resmi,Jakarta Barat,Rp1.749.000
Xiaomi Redmi A2 3/32 - Garansi RESMI,Depok,Rp1.070.000
Xiaomi Redmi 10 2022 Ram 6-128 Gb Garansi Resmi,Jakarta Barat,Rp2.029.000
Xiaomi Redmi Note 12 8/128 Garansi Resmi Tam,Jakarta Selatan,Rp2.849.000
xiaomi redmi note 5 6/64gb -3/32gb new smartphone 4g lte garansi distributor,Jakarta Barat,Rp1.099.000
Xiaomi Redmi Note 12 Pro 4G NFC Ram 6/128 Gb Garansi Resmi,Jakarta Barat,Rp3.375.000
Xiaomi Redmi 12C Ram 4/64 Gb Garansi Resmi,Jakarta Barat,Rp1.359.000
Xiaomi Redmi 12C Ram 4/128 Gb Garansi Resmi,Jakarta Barat,Rp1.459.000
Xiaomi Redmi 10 5G Ram 6/128 Gb Garansi Resmi,Jakarta Barat,Rp2.469.000
REDMI 10 2022 NEW RAM 4/64 GARANSI RESMI TERMURAH,Surabaya,Rp1.718.300
Xiaomi Redmi 10C Ram 4/128GB & 4/64GB Garansi Resmi Xiaomi Termurah,Surabaya,Rp1.912.100
Xiaomi Redmi Note 12 4G NFC Ram 8/128 Gb Garansi Resmi,Jakarta Barat,Rp2.899.000
LCD TOUCHSCREEN XIAOMI REDMI 4X ORIGINAL,Jakarta Pusat,Rp95.000
Xiaomi Redmi Note 12 SnapDragon 685 AMOLED 120Hz Ram 4Gb 128Gb NFC Bdg Antapani DSK,Bandung,Rp2.525.000
XIAOMI REDMI A1 RAM 3GB/32GB GARANSI RESMI TAM - REDMI A1,Jakarta Timur,Rp1.199.000
Xiaomi Redmi Note 11 4 128,Kab. Bekasi,Rp2.190.000
LCD TOUCHSCREEN XIAOMI REDMI 9A 9C ORIGINAL,Jakarta Pusat,Rp110.000
Xiaomi Redmi Note 12 4G NFC Ram 4/128 Gb Garansi Resmi,Jakarta Barat,Rp2.499.000
"Xiaomi Redmi Note 11 [4GB+128GB - 6GB+128GB] Snapdragon 680 4G - 50MP Quad Camera - NFC - 6.43"" Super AMOLED - 5000mAh Garansi Resmi Xiaomi 15 Bulan",Kab. Bekasi,Rp2.273.000
Xiaomi Redmi 10 5G Ram 4/128 Gb Garansi Resmi,Jakarta Barat,Rp2.279.000
Xiaomi Redmi A2 Ram 3/64 Gb Garansi Resmi,Jakarta Barat,Rp1.159.000
Xiaomi Redmi Note 12 Pro 4G NFC Ram 8/256 Gb Garansi Resmi,Jakarta Barat,Rp3.825.000
Xiaomi Redmi Note 11 NFC Ram 4-128 Gb Garansi Resmi,Jakarta Barat,Rp2.299.000
Xiaomi Redmi 10c Ram 4/128 Gb Garansi Resmi,Jakarta Barat,Rp1.899.000
XIAOMI REDMI NOTE 11 RAM 4 GB MEMORY 128 GB GARANSI RESMI TERMURAH,Sleman,Rp2.349.000
XIAOMI REDMI 10C RAM 4 GB MEMORY 64 GB GARANSI RESMI TERMURAH,Sleman,Rp1.849.000
LCD TOUCHSCREEN XIAOMI REDMI 4A MI4A  ORIGINAL,Jakarta Pusat,Rp95.000
Xiaomi Redmi Note 11 Pro 5G Ram 8-128 GB Resmi,Jakarta Barat,Rp4.049.000
Xiaomi Redmi Note 12 Pro 5G NFC Ram 8/256 Gb Garansi Resmi,Jakarta Barat,Rp4.399.000
Xiaomi Redmi 10 2022 6GB/128GB - Garansi Resmi,Jakarta Timur,Rp2.350.000
LCD TOUCHSCREEN XIAOMI REDMI NOTE 5 REDMI NOTE 5 PRO ORIGINAL,Jakarta Pusat,Rp125.000
NEW Xiaomi Redmi Note 11 SnapDragon 680 AMOLED 90Hz Ram 6Gb 128Gb NFC Bdg Antapani DSK,Bandung,Rp2.599.000
Xiaomi Redmi Note 12 4G NFC Ram 6/128 Gb Garansi Resmi,Jakarta Barat,Rp2.699.000
Xiaomi Redmi 10 6/128 Garansi Resmi Tam,Jakarta Selatan,Rp2.160.000
Xiaomi Redmi 12C Ram 3/32 Gb Garansi Resmi,Jakarta Barat,Rp1.259.000
Xiaomi Redmi 10A Ram 3/32 Gb Garansi Resmi,Jakarta Barat,Rp1.329.000
Xiaomi Redmi 10A Ram 3/64 Gb Garansi Resmi,Jakarta Barat,Rp1.429.000
mesin redmi 4a origilll,Kab. Cirebon,Rp85.000
Xiaomi Redmi A1 Ram 2/32 Gb Extended Ram 2GB+2GB Garansi Resmi,Jakarta Barat,Rp1.049.000
Xiaomi Redmi Note 12 Pro 5G NFC Ram 8/256 Gb Garansi Resmi,Jakarta Barat,Rp4.399.000
Xiaomi Redmi A2 Ram 3/32 Gb Garansi Resmi,Jakarta Barat,Rp1.059.000
Xiaomi Redmi 10 2022 Ram 4/64 Gb Garansi Resmi,Jakarta Barat,Rp1.749.000
Xiaomi Redmi Note 11 NFC Ram 6-128 Gb Garansi Resmi,Jakarta Barat,Rp2.589.000
Xiaomi Redmi 10 2022 Ram 6-128 Gb Garansi Resmi,Jakarta Barat,Rp2.029.000
Xiaomi redmi 9A -m,Jakarta Selatan,Rp4.000.000
Xiaomi Redmi A2 Ram 3/32 Gb Garansi Resmi,Jakarta Barat,Rp1.059.000
Xiaomi Redmi 12C 4/64Garansi Resmi Tam,Jakarta Selatan,Rp1.509.000
Xiaomi Redmi 4X Ram 2GB Internal 16GB - Second Fullset - Garansi 1 Bulan,Jakarta Pusat,Rp450.000
Xiaomi Redmi Note 11 NFC Ram 6-128 Gb Garansi Resmi,Jakarta Barat,Rp2.589.000
Xiaomi Redmi Note 11 Pro 5G NFC Ram 8-128 Gb Garansi Resmi,Jakarta Barat,Rp3.949.000
Xiaomi Redmi 10 2022 Ram 4/64 Gb Garansi Resmi,Jakarta Barat,Rp1.749.000
Xiaomi Redmi A2 3/32 - Garansi RESMI,Depok,Rp1.070.000
Xiaomi Redmi 10 2022 Ram 6-128 Gb Garansi Resmi,Jakarta Barat,Rp2.029.000
Xiaomi Redmi Note 12 8/128 Garansi Resmi Tam,Jakarta Selatan,Rp2.849.000
xiaomi redmi note 5 6/64gb -3/32gb new smartphone 4g lte garansi distributor,Jakarta Barat,Rp1.099.000
Xiaomi Redmi Note 12 Pro 4G NFC Ram 6/128 Gb Garansi Resmi,Jakarta Barat,Rp3.375.000
Xiaomi Redmi 12C Ram 4/64 Gb Garansi Resmi,Jakarta Barat,Rp1.359.000
Xiaomi Redmi 12C Ram 4/128 Gb Garansi Resmi,Jakarta Barat,Rp1.459.000
Xiaomi Redmi 10 5G Ram 6/128 Gb Garansi Resmi,Jakarta Barat,Rp2.469.000
REDMI 10 2022 NEW RAM 4/64 GARANSI RESMI TERMURAH,Surabaya,Rp1.718.300
Xiaomi Redmi 10C Ram 4/128GB & 4/64GB Garansi Resmi Xiaomi Termurah,Surabaya,Rp1.912.100
Xiaomi Redmi Note 12 4G NFC Ram 8/128 Gb Garansi Resmi,Jakarta Barat,Rp2.899.000
LCD TOUCHSCREEN XIAOMI REDMI 4X ORIGINAL,Jakarta Pusat,Rp95.000
Xiaomi Redmi Note 12 SnapDragon 685 AMOLED 120Hz Ram 4Gb 128Gb NFC Bdg Antapani DSK,Bandung,Rp2.525.000
XIAOMI REDMI A1 RAM 3GB/32GB GARANSI RESMI TAM - REDMI A1,Jakarta Timur,Rp1.199.000
Xiaomi Redmi Note 11 4 128,Kab. Bekasi,Rp2.190.000
LCD TOUCHSCREEN XIAOMI REDMI 9A 9C ORIGINAL,Jakarta Pusat,Rp110.000
Xiaomi Redmi Note 12 4G NFC Ram 4/128 Gb Garansi Resmi,Jakarta Barat,Rp2.499.000
"Xiaomi Redmi Note 11 [4GB+128GB - 6GB+128GB] Snapdragon 680 4G - 50MP Quad Camera - NFC - 6.43"" Super AMOLED - 5000mAh Garansi Resmi Xiaomi 15 Bulan",Kab. Bekasi,Rp2.273.000
Xiaomi Redmi 10 5G Ram 4/128 Gb Garansi Resmi,Jakarta Barat,Rp2.279.000
Xiaomi Redmi A2 Ram 3/64 Gb Garansi Resmi,Jakarta Barat,Rp1.159.000
Xiaomi Redmi Note 12 Pro 4G NFC Ram 8/256 Gb Garansi Resmi,Jakarta Barat,Rp3.825.000
Xiaomi Redmi Note 11 NFC Ram 4-128 Gb Garansi Resmi,Jakarta Barat,Rp2.299.000
Xiaomi Redmi 10c Ram 4/128 Gb Garansi Resmi,Jakarta Barat,Rp1.899.000
XIAOMI REDMI NOTE 11 RAM 4 GB MEMORY 128 GB GARANSI RESMI TERMURAH,Sleman,Rp2.349.000
XIAOMI REDMI 10C RAM 4 GB MEMORY 64 GB GARANSI RESMI TERMURAH,Sleman,Rp1.849.000
LCD TOUCHSCREEN XIAOMI REDMI 4A MI4A  ORIGINAL,Jakarta Pusat,Rp95.000
Xiaomi Redmi Note 11 Pro 5G Ram 8-128 GB Resmi,Jakarta Barat,Rp4.049.000
Xiaomi Redmi Note 12 Pro 5G NFC Ram 8/256 Gb Garansi Resmi,Jakarta Barat,Rp4.399.000
Xiaomi Redmi 10 2022 6GB/128GB - Garansi Resmi,Jakarta Timur,Rp2.350.000
LCD TOUCHSCREEN XIAOMI REDMI NOTE 5 REDMI NOTE 5 PRO ORIGINAL,Jakarta Pusat,Rp125.000
NEW Xiaomi Redmi Note 11 SnapDragon 680 AMOLED 90Hz Ram 6Gb 128Gb NFC Bdg Antapani DSK,Bandung,Rp2.599.000
Xiaomi Redmi Note 12 4G NFC Ram 6/128 Gb Garansi Resmi,Jakarta Barat,Rp2.699.000
Xiaomi Redmi 10 6/128 Garansi Resmi Tam,Jakarta Selatan,Rp2.160.000
Xiaomi Redmi 12C Ram 3/32 Gb Garansi Resmi,Jakarta Barat,Rp1.259.000
Xiaomi Redmi 10A Ram 3/32 Gb Garansi Resmi,Jakarta Barat,Rp1.329.000
Xiaomi Redmi 10A Ram 3/64 Gb Garansi Resmi,Jakarta Barat,Rp1.429.000
mesin redmi 4a origilll,Kab. Cirebon,Rp85.000
Xiaomi Redmi A1 Ram 2/32 Gb Extended Ram 2GB+2GB Garansi Resmi,Jakarta Barat,Rp1.049.000
